STT,Địa chỉ IP,Thời gian truy cập,Hệ điều hành,Trình duyệt,Hành động
1,113.161.163.92,26/05/2026 00:30:15,Windows,Chrome (Desktop),Xem trang đăng nhập (Test IP)
2,14.232.162.27,17/06/2026 11:13:48,iOS,Safari (Mobile),Xem trang đăng nhập
3,171.244.234.155,17/06/2026 13:54:48,Android,Chrome (Mobile),Xem giới thiệu
4,171.244.192.89,17/06/2026 15:08:42,Windows,Chrome (Desktop),Xem trang đăng nhập
5,115.78.65.24,17/06/2026 15:22:13,macOS,Safari (Desktop),Xem trang đăng nhập
6,118.69.129.231,17/06/2026 16:14:31,Android,Chrome (Mobile),Xem giới thiệu
7,14.232.73.59,17/06/2026 18:43:58,macOS,Safari (Desktop),Đăng ký tài khoản
8,171.244.147.124,17/06/2026 19:17:29,Android,Chrome (Mobile),Xem giới thiệu
9,118.69.79.246,18/06/2026 02:04:34,Android,Chrome (Mobile),Xem giới thiệu
10,171.244.185.93,18/06/2026 05:28:40,iOS,Safari (Mobile),Đăng ký tài khoản
11,27.72.73.200,18/06/2026 06:21:56,Windows,Chrome (Desktop),Đăng ký tài khoản
12,27.72.140.136,18/06/2026 07:55:28,Android,Chrome (Mobile),Xem trang đăng nhập
13,113.161.182.177,18/06/2026 08:18:47,Windows,Chrome (Desktop),Đăng ký tài khoản
14,123.24.145.74,18/06/2026 09:28:37,Android,Chrome (Mobile),Đăng ký tài khoản
15,115.78.145.233,18/06/2026 13:15:15,Android,Chrome (Mobile),Xem giới thiệu
16,171.244.185.93,18/06/2026 13:55:44,macOS,Safari (Desktop),Xem giới thiệu
17,1.53.157.59,18/06/2026 15:13:46,Android,Chrome (Mobile),Xem trang đăng nhập
18,27.72.73.200,18/06/2026 16:15:13,iOS,Safari (Mobile),Đăng ký tài khoản
19,171.244.160.66,18/06/2026 17:40:11,Android,Chrome (Mobile),Đăng ký tài khoản
20,113.161.184.194,18/06/2026 22:03:55,macOS,Safari (Desktop),Xem giới thiệu
21,123.24.216.114,19/06/2026 01:27:54,Android,Chrome (Mobile),Xem trang đăng nhập
22,123.24.218.27,19/06/2026 07:30:03,Android,Chrome (Mobile),Đăng ký tài khoản
23,113.161.196.127,19/06/2026 08:30:25,Windows,Chrome (Desktop),Đăng ký tài khoản
24,113.161.230.94,19/06/2026 08:54:10,macOS,Safari (Desktop),Xem giới thiệu
25,118.69.79.246,19/06/2026 09:37:17,iOS,Safari (Mobile),Xem trang đăng nhập
26,118.69.79.246,19/06/2026 12:52:19,Windows,Chrome (Desktop),Đăng ký tài khoản
27,113.161.194.234,19/06/2026 13:25:45,Android,Chrome (Mobile),Đăng ký tài khoản
28,118.69.241.25,19/06/2026 17:35:04,Android,Chrome (Mobile),Đăng ký tài khoản
29,115.78.128.73,19/06/2026 17:48:27,Android,Chrome (Mobile),Xem giới thiệu
30,27.72.107.10,19/06/2026 21:00:00,Android,Chrome (Mobile),Đăng ký tài khoản
31,118.69.50.126,19/06/2026 21:28:51,Windows,Chrome (Desktop),Xem trang đăng nhập
32,115.78.181.134,19/06/2026 21:30:54,iOS,Safari (Mobile),Đăng ký tài khoản
33,118.69.181.176,19/06/2026 22:58:19,iOS,Safari (Mobile),Xem trang đăng nhập
34,14.232.101.226,19/06/2026 23:18:12,iOS,Safari (Mobile),Đăng ký tài khoản
35,113.161.216.90,20/06/2026 01:45:06,Windows,Chrome (Desktop),Đăng ký tài khoản
36,113.161.182.177,20/06/2026 02:27:17,Windows,Chrome (Desktop),Đăng ký tài khoản
37,118.69.64.247,20/06/2026 02:38:12,Android,Chrome (Mobile),Xem trang đăng nhập
38,113.161.68.27,20/06/2026 02:39:44,Windows,Chrome (Desktop),Đăng ký tài khoản
39,14.232.22.176,20/06/2026 02:43:12,Android,Chrome (Mobile),Xem trang đăng nhập
40,1.53.38.85,20/06/2026 07:49:38,Windows,Chrome (Desktop),Đăng ký tài khoản
41,113.161.68.27,20/06/2026 09:33:47,macOS,Safari (Desktop),Xem giới thiệu
42,118.69.239.159,20/06/2026 15:41:59,Android,Chrome (Mobile),Đăng ký tài khoản
43,1.53.157.59,20/06/2026 16:36:31,Android,Chrome (Mobile),Xem trang đăng nhập
44,1.53.38.85,21/06/2026 00:11:27,Android,Chrome (Mobile),Đăng ký tài khoản
45,171.244.51.128,21/06/2026 00:46:08,Android,Chrome (Mobile),Xem trang đăng nhập
46,118.69.129.231,21/06/2026 01:00:55,Android,Chrome (Mobile),Xem giới thiệu
47,118.69.50.126,21/06/2026 01:07:25,Android,Chrome (Mobile),Xem trang đăng nhập
48,14.232.16.199,21/06/2026 03:11:12,macOS,Safari (Desktop),Xem trang đăng nhập
49,113.161.204.216,21/06/2026 09:33:17,Android,Chrome (Mobile),Đăng ký tài khoản
50,123.24.83.118,21/06/2026 11:55:27,Windows,Chrome (Desktop),Đăng ký tài khoản
51,14.232.151.85,21/06/2026 13:39:35,macOS,Safari (Desktop),Đăng ký tài khoản
52,123.24.46.77,21/06/2026 14:09:17,Windows,Chrome (Desktop),Đăng ký tài khoản
53,27.72.148.209,21/06/2026 17:55:45,Android,Chrome (Mobile),Xem trang đăng nhập
54,14.232.203.22,21/06/2026 18:39:46,Android,Chrome (Mobile),Đăng ký tài khoản
55,115.78.189.249,21/06/2026 23:34:50,macOS,Safari (Desktop),Xem trang đăng nhập
56,27.72.73.200,22/06/2026 00:11:18,iOS,Safari (Mobile),Xem giới thiệu
57,14.232.33.107,22/06/2026 06:58:16,Windows,Chrome (Desktop),Đăng ký tài khoản
58,123.24.138.245,22/06/2026 10:43:56,macOS,Safari (Desktop),Đăng ký tài khoản
59,14.232.228.69,22/06/2026 15:29:03,Android,Chrome (Mobile),Xem trang đăng nhập
60,27.72.148.209,22/06/2026 16:28:23,Android,Chrome (Mobile),Xem trang đăng nhập
61,1.53.157.59,22/06/2026 16:57:01,Android,Chrome (Mobile),Đăng ký tài khoản
62,14.232.22.176,22/06/2026 19:28:20,Android,Chrome (Mobile),Xem trang đăng nhập
63,118.69.241.25,22/06/2026 20:22:54,Android,Chrome (Mobile),Đăng ký tài khoản
64,14.232.49.170,22/06/2026 20:31:06,Android,Chrome (Mobile),Xem trang đăng nhập
65,14.232.228.69,22/06/2026 22:17:56,Windows,Chrome (Desktop),Đăng ký tài khoản
66,171.244.148.43,22/06/2026 22:51:15,Android,Chrome (Mobile),Đăng ký tài khoản
67,113.161.33.247,22/06/2026 23:21:47,iOS,Safari (Mobile),Đăng ký tài khoản
68,113.161.17.33,23/06/2026 00:56:51,macOS,Safari (Desktop),Đăng ký tài khoản
69,27.72.107.10,23/06/2026 03:43:25,macOS,Safari (Desktop),Đăng ký tài khoản
70,14.232.228.69,23/06/2026 03:43:53,Android,Chrome (Mobile),Xem giới thiệu
71,171.244.34.34,23/06/2026 03:59:55,macOS,Safari (Desktop),Xem trang đăng nhập
72,14.232.25.113,23/06/2026 04:36:00,macOS,Safari (Desktop),Xem trang đăng nhập
73,14.232.33.107,23/06/2026 05:28:12,Windows,Chrome (Desktop),Xem giới thiệu
74,118.69.77.247,23/06/2026 06:28:46,Android,Chrome (Mobile),Đăng ký tài khoản
75,115.78.181.134,23/06/2026 06:34:36,Android,Chrome (Mobile),Đăng ký tài khoản
76,14.232.123.216,23/06/2026 13:16:21,Windows,Chrome (Desktop),Xem giới thiệu
77,118.69.78.26,23/06/2026 13:32:24,iOS,Safari (Mobile),Đăng ký tài khoản
78,113.161.230.94,23/06/2026 13:36:13,Android,Chrome (Mobile),Đăng ký tài khoản
79,118.69.102.66,23/06/2026 14:30:04,Windows,Chrome (Desktop),Xem trang đăng nhập
80,115.78.181.134,23/06/2026 18:10:03,iOS,Safari (Mobile),Xem giới thiệu
81,118.69.239.159,23/06/2026 22:17:07,Windows,Chrome (Desktop),Xem giới thiệu
82,171.244.69.139,23/06/2026 23:47:52,iOS,Safari (Mobile),Xem trang đăng nhập
83,123.24.49.58,24/06/2026 01:00:57,Android,Chrome (Mobile),Đăng ký tài khoản
84,14.232.101.226,24/06/2026 02:28:32,Windows,Chrome (Desktop),Đăng ký tài khoản
85,27.72.24.140,24/06/2026 02:29:14,macOS,Safari (Desktop),Xem giới thiệu
86,113.161.68.220,24/06/2026 04:12:44,iOS,Safari (Mobile),Đăng ký tài khoản
87,171.244.205.96,24/06/2026 04:51:31,Android,Chrome (Mobile),Xem trang đăng nhập
88,118.69.50.126,24/06/2026 07:11:20,Windows,Chrome (Desktop),Đăng ký tài khoản
89,118.69.129.231,24/06/2026 07:49:59,Windows,Chrome (Desktop),Xem trang đăng nhập
90,171.244.26.96,24/06/2026 08:48:51,Android,Chrome (Mobile),Đăng ký tài khoản
91,171.244.113.40,24/06/2026 08:54:28,Android,Chrome (Mobile),Đăng ký tài khoản
92,171.244.69.139,24/06/2026 09:01:12,macOS,Safari (Desktop),Đăng ký tài khoản
93,14.232.165.172,24/06/2026 11:24:16,macOS,Safari (Desktop),Xem giới thiệu
94,27.72.118.56,24/06/2026 13:57:16,macOS,Safari (Desktop),Xem trang đăng nhập
95,118.69.178.159,24/06/2026 15:33:17,Android,Chrome (Mobile),Đăng ký tài khoản
96,118.69.50.126,24/06/2026 17:44:56,iOS,Safari (Mobile),Đăng ký tài khoản
97,115.78.181.134,24/06/2026 18:22:40,Android,Chrome (Mobile),Xem trang đăng nhập
98,171.244.185.93,24/06/2026 18:37:15,Android,Chrome (Mobile),Xem giới thiệu
99,113.161.201.90,25/06/2026 03:45:21,Android,Chrome (Mobile),Xem giới thiệu
100,118.69.102.66,25/06/2026 06:24:05,macOS,Safari (Desktop),Xem trang đăng nhập
101,171.244.148.43,25/06/2026 11:48:34,macOS,Safari (Desktop),Xem giới thiệu
102,14.232.161.118,25/06/2026 11:57:54,macOS,Safari (Desktop),Xem trang đăng nhập
103,27.72.73.200,25/06/2026 19:01:10,iOS,Safari (Mobile),Đăng ký tài khoản
104,14.232.165.172,25/06/2026 19:52:00,iOS,Safari (Mobile),Xem giới thiệu
105,118.69.100.118,25/06/2026 20:56:40,macOS,Safari (Desktop),Xem trang đăng nhập
106,123.24.46.77,25/06/2026 21:09:05,macOS,Safari (Desktop),Đăng ký tài khoản
107,118.69.100.118,25/06/2026 23:18:42,Windows,Chrome (Desktop),Đăng ký tài khoản
108,123.24.172.223,26/06/2026 05:52:28,macOS,Safari (Desktop),Đăng ký tài khoản
109,115.78.217.232,26/06/2026 07:52:23,Android,Chrome (Mobile),Xem trang đăng nhập
110,171.244.147.124,26/06/2026 08:02:31,Android,Chrome (Mobile),Đăng ký tài khoản
111,123.24.111.236,26/06/2026 09:34:27,macOS,Safari (Desktop),Đăng ký tài khoản
112,123.24.145.74,26/06/2026 10:37:55,Android,Chrome (Mobile),Xem giới thiệu
113,14.232.16.199,26/06/2026 11:25:55,Windows,Chrome (Desktop),Đăng ký tài khoản
114,115.78.201.159,26/06/2026 12:50:38,Android,Chrome (Mobile),Xem trang đăng nhập
115,171.244.49.105,26/06/2026 13:35:16,iOS,Safari (Mobile),Xem trang đăng nhập
116,118.69.50.126,26/06/2026 14:35:32,Android,Chrome (Mobile),Đăng ký tài khoản
117,171.244.113.40,26/06/2026 18:53:12,Android,Chrome (Mobile),Xem giới thiệu
118,115.78.201.159,26/06/2026 19:25:03,macOS,Safari (Desktop),Đăng ký tài khoản
119,123.24.72.210,26/06/2026 19:58:27,Android,Chrome (Mobile),Đăng ký tài khoản
120,171.244.52.114,26/06/2026 20:13:55,Android,Chrome (Mobile),Đăng ký tài khoản
121,115.78.71.24,26/06/2026 20:25:04,Android,Chrome (Mobile),Đăng ký tài khoản
122,1.53.122.240,26/06/2026 21:32:00,Android,Chrome (Mobile),Xem giới thiệu
123,14.232.184.236,27/06/2026 09:40:41,Windows,Chrome (Desktop),Xem trang đăng nhập
124,118.69.66.124,27/06/2026 10:12:21,Android,Chrome (Mobile),Xem trang đăng nhập
125,171.244.185.93,27/06/2026 13:34:45,iOS,Safari (Mobile),Xem trang đăng nhập
126,171.244.147.124,27/06/2026 15:52:26,Android,Chrome (Mobile),Xem trang đăng nhập
127,123.24.46.77,27/06/2026 17:48:41,Android,Chrome (Mobile),Xem giới thiệu
128,27.72.107.10,27/06/2026 19:20:11,Android,Chrome (Mobile),Đăng ký tài khoản
129,118.69.241.25,27/06/2026 20:44:00,Android,Chrome (Mobile),Đăng ký tài khoản
130,171.244.69.139,27/06/2026 21:09:25,Android,Chrome (Mobile),Đăng ký tài khoản
131,27.72.148.209,27/06/2026 21:53:34,iOS,Safari (Mobile),Xem trang đăng nhập
132,113.161.204.216,28/06/2026 00:14:39,Windows,Chrome (Desktop),Xem giới thiệu
133,113.161.160.151,28/06/2026 01:49:03,Android,Chrome (Mobile),Xem trang đăng nhập
134,14.232.162.27,28/06/2026 03:45:48,Android,Chrome (Mobile),Xem trang đăng nhập
135,171.244.52.114,28/06/2026 05:04:50,iOS,Safari (Mobile),Xem giới thiệu
136,113.161.68.220,28/06/2026 06:11:04,Android,Chrome (Mobile),Xem trang đăng nhập
137,171.244.158.162,28/06/2026 06:26:37,macOS,Safari (Desktop),Xem trang đăng nhập
138,14.232.246.106,28/06/2026 09:54:29,macOS,Safari (Desktop),Xem trang đăng nhập
139,115.78.65.24,28/06/2026 12:36:20,iOS,Safari (Mobile),Đăng ký tài khoản
140,14.232.107.81,28/06/2026 12:57:31,iOS,Safari (Mobile),Xem trang đăng nhập
141,118.69.64.247,28/06/2026 14:42:44,Android,Chrome (Mobile),Xem trang đăng nhập
142,14.232.227.57,28/06/2026 15:03:24,Android,Chrome (Mobile),Đăng ký tài khoản
143,113.161.168.30,28/06/2026 16:16:28,Android,Chrome (Mobile),Xem giới thiệu
144,1.53.64.177,28/06/2026 17:44:37,iOS,Safari (Mobile),Xem giới thiệu
145,118.69.100.118,28/06/2026 18:35:18,macOS,Safari (Desktop),Đăng ký tài khoản
146,123.24.150.52,28/06/2026 19:41:39,Android,Chrome (Mobile),Xem trang đăng nhập
147,118.69.79.246,28/06/2026 20:12:44,Android,Chrome (Mobile),Đăng ký tài khoản
148,113.161.194.234,28/06/2026 22:52:16,Windows,Chrome (Desktop),Xem giới thiệu
149,14.232.232.170,29/06/2026 01:39:27,macOS,Safari (Desktop),Xem trang đăng nhập
150,113.161.28.191,29/06/2026 02:17:53,Android,Chrome (Mobile),Xem trang đăng nhập
